,accuracy,precision,recall,f1
RandomForest,0.75,0.18333333333333332,0.12643678160919541,0.14965986394557823
XGBoost,0.773,0.1728395061728395,0.08045977011494253,0.10980392156862745
